type,id,title,publishedTime,duration,viewCount->text,viewCount->short,thumbnails->0->url,thumbnails->0->width,thumbnails->0->height,thumbnails->1->url,thumbnails->1->width,thumbnails->1->height,richThumbnail->url,richThumbnail->width,richThumbnail->height,descriptionSnippet,channel->name,channel->id,channel->thumbnails->0->url,channel->thumbnails->0->width,channel->thumbnails->0->height,channel->link,accessibility->title,accessibility->duration,link,shelfTitle,videoCount,thumbnails->2->url,thumbnails->2->width,thumbnails->2->height,thumbnails->3->url,thumbnails->3->width,thumbnails->3->height,richThumbnail
video,gfDE2a7MKjA,Python Tutorial For Beginners In Hindi (With Notes) üî•,7 months ago,11:52:24,"3,402,503 views",3.4M views,https://i.ytimg.com/vi/gfDE2a7MKjA/hq720.jpg?sqp=-oaymwEcCOgCEMoBSFXyq4qpAw4IARUAAIhCGAFwAcABBg==&rs=AOn4CLDCeV2mPYQ7swJ9PYLWDQvl9_eJVQ,360,202,https://i.ytimg.com/vi/gfDE2a7MKjA/hq720.jpg?sqp=-oaymwEcCNAFEJQDSFXyq4qpAw4IARUAAIhCGAFwAcABBg==&rs=AOn4CLA428e-7kXt1u7VnYKIRG2tAg55DQ,720.0,404.0,https://i.ytimg.com/an_webp/gfDE2a7MKjA/mqdefault_6s.webp?du=3000&sqp=CKDR-4QG&rs=AOn4CLCwm7uM71tgFcJJ52K9CCGkUkTGHQ,320.0,180.0,,CodeWithHarry,UCeVMnSShP_Iviwkknt83cww,https://yt3.ggpht.com/ytc/AAUvwnjeHnMHZ7T341QLHqPhQPfsG6ugvg_SV6z6FkYqGw=s68-c-k-c0x00ffffff-no-rj,68.0,68.0,https://www.youtube.com/channel/UCeVMnSShP_Iviwkknt83cww,"Python Tutorial For Beginners In Hindi (With Notes) üî• by CodeWithHarry 7 months ago 11 hours, 52 minutes 3,402,503 views","11 hours, 52 minutes, 24 seconds",https://www.youtube.com/watch?v=gfDE2a7MKjA,,,,,,,,,
video,_uQrJ0TkZlc,Python Tutorial - Python for Beginners [Full Course],2 years ago,6:14:07,"18,198,577 views",18M views,https://i.ytimg.com/vi/_uQrJ0TkZlc/hq720.jpg?sqp=-oaymwEcCOgCEMoBSFXyq4qpAw4IARUAAIhCGAFwAcABBg==&rs=AOn4CLCQfkbApoaN-_QBOuiyHzWJOiziEA,360,202,https://i.ytimg.com/vi/_uQrJ0TkZlc/hq720.jpg?sqp=-oaymwEcCNAFEJQDSFXyq4qpAw4IARUAAIhCGAFwAcABBg==&rs=AOn4CLCpUFKfUMVNbg8mqTcZ8UdSUjpilw,720.0,404.0,https://i.ytimg.com/an_webp/_uQrJ0TkZlc/mqdefault_6s.webp?du=3000&sqp=CKeZ-4QG&rs=AOn4CLD1TjJj_7z51Ki9dqcq5Biy9vtPug,320.0,180.0,,Programming with Mosh,UCWv7vMbMWH4-V0ZXdmDpPBA,https://yt3.ggpht.com/ytc/AAUvwnj82Lirw0dg6V5pJWAcWdG22OESyldUcDwAFEqQWg=s68-c-k-c0x00ffffff-no-rj,68.0,68.0,https://www.youtube.com/channel/UCWv7vMbMWH4-V0ZXdmDpPBA,"Python Tutorial - Python for Beginners [Full Course] by Programming with Mosh 2 years ago 6 hours, 14 minutes 18,198,577 views","6 hours, 14 minutes, 7 seconds",https://www.youtube.com/watch?v=_uQrJ0TkZlc,,,,,,,,,
video,rfscVS0vtbw,Learn Python - Full Course for Beginners [Tutorial],2 years ago,4:26:52,"24,003,417 views",24M views,https://i.ytimg.com/vi/rfscVS0vtbw/hq720.jpg?sqp=-oaymwEcCOgCEMoBSFXyq4qpAw4IARUAAIhCGAFwAcABBg==&rs=AOn4CLD-9-7sK2ChwTaU2oDci15jO7wEDg,360,202,https://i.ytimg.com/vi/rfscVS0vtbw/hq720.jpg?sqp=-oaymwEcCNAFEJQDSFXyq4qpAw4IARUAAIhCGAFwAcABBg==&rs=AOn4CLABBQtpk83-Gm8-IgPAiGlTtrLH9w,720.0,404.0,https://i.ytimg.com/an_webp/rfscVS0vtbw/mqdefault_6s.webp?du=3000&sqp=CJyq-4QG&rs=AOn4CLDKCziik0uAvuhonm32cZTjVwsHKw,320.0,180.0,,freeCodeCamp.org,UC8butISFwT-Wl7EV0hUK0BQ,https://yt3.ggpht.com/ytc/AAUvwnifaQZvAunS0OFb2y_cieoVjLCVjqQW8Exf3BC1gg=s68-c-k-c0x00ffffff-no-rj,68.0,68.0,https://www.youtube.com/channel/UC8butISFwT-Wl7EV0hUK0BQ,"Learn Python - Full Course for Beginners [Tutorial] by freeCodeCamp.org 2 years ago 4 hours, 26 minutes 24,003,417 views","4 hours, 26 minutes, 52 seconds",https://www.youtube.com/watch?v=rfscVS0vtbw,,,,,,,,,
playlist,PLsyeobzWxl7poL9JTVyndKe62ieoN-MZ3,Python Tutorial for Beginners (Full Course),,,,,https://i.ytimg.com/vi/QXeEoD0pB3E/hqdefault.jpg?sqp=-oaymwEWCKgBEF5IWvKriqkDCQgBFQAAiEIYAQ==&rs=AOn4CLADTlU-Zp91LJN1n_JYo4EWYaBZHg,168,94,https://i.ytimg.com/vi/QXeEoD0pB3E/hqdefault.jpg?sqp=-oaymwEWCMQBEG5IWvKriqkDCQgBFQAAiEIYAQ==&rs=AOn4CLDi0NZYUUqmiPH_lcIc-aLedxVjMA,196.0,110.0,,,,,Telusko,UC59K-uG2A5ogwIrHw4bmlEg,,,,https://www.youtube.com/channel/UC59K-uG2A5ogwIrHw4bmlEg,,,https://www.youtube.com/playlist?list=PLsyeobzWxl7poL9JTVyndKe62ieoN-MZ3,,110,https://i.ytimg.com/vi/QXeEoD0pB3E/hqdefault.jpg?sqp=-oaymwEXCPYBEIoBSFryq4qpAwkIARUAAIhCGAE=&rs=AOn4CLBBpA479qTBzEaAOn3crVRy7y36Rw,246.0,138.0,https://i.ytimg.com/vi/QXeEoD0pB3E/hqdefault.jpg?sqp=-oaymwEXCNACELwBSFryq4qpAwkIARUAAIhCGAE=&rs=AOn4CLDFfxTTv31qjpdalu6WVYgDswHgcg,336.0,188.0,
video,WGJJIrtnfpk,Python Full Course - Learn Python in 12 Hours | Python Tutorial For Beginners | Edureka,1 year ago,11:56:22,"2,984,978 views",2.9M views,https://i.ytimg.com/vi/WGJJIrtnfpk/hq720.jpg?sqp=-oaymwEcCOgCEMoBSFXyq4qpAw4IARUAAIhCGAFwAcABBg==&rs=AOn4CLBegYMR9C2xkqPgvsq0yYVJ1FR7Kw,360,202,https://i.ytimg.com/vi/WGJJIrtnfpk/hq720.jpg?sqp=-oaymwEcCNAFEJQDSFXyq4qpAw4IARUAAIhCGAFwAcABBg==&rs=AOn4CLAURKtGo-MLM14kbxOPGFqNBftnPg,720.0,404.0,https://i.ytimg.com/an_webp/WGJJIrtnfpk/mqdefault_6s.webp?du=3000&sqp=CMjQ-4QG&rs=AOn4CLChM2JszuiwoUTGYYQjxQjkO7qCIQ,320.0,180.0,,edureka!,UCkw4JCwteGrDHIsyIIKo4tQ,https://yt3.ggpht.com/ytc/AAUvwni7i_dF9urC5uwdLIRQU89f5H4krFAgJgywql8kiA=s68-c-k-c0x00ffffff-no-rj,68.0,68.0,https://www.youtube.com/channel/UCkw4JCwteGrDHIsyIIKo4tQ,"Python Full Course - Learn Python in 12 Hours | Python Tutorial For Beginners | Edureka by edureka! 1 year ago 11 hours, 56 minutes 2,984,978 views","11 hours, 56 minutes, 22 seconds",https://www.youtube.com/watch?v=WGJJIrtnfpk,,,,,,,,,
video,eTyI-M50Hu4,Python Tutorial in Hindi | Learn Python in Hindi | Python Full Course in Hindi | Python Tutorial,1 year ago,4:25:16,"1,295,382 views",1.2M views,https://i.ytimg.com/vi/eTyI-M50Hu4/hq720.jpg?sqp=-oaymwEcCOgCEMoBSFXyq4qpAw4IARUAAIhCGAFwAcABBg==&rs=AOn4CLClPvteVK8-iQz2S49T9bmtqZXXxQ,360,202,https://i.ytimg.com/vi/eTyI-M50Hu4/hq720.jpg?sqp=-oaymwEcCNAFEJQDSFXyq4qpAw4IARUAAIhCGAFwAcABBg==&rs=AOn4CLAi_ErSUKYr9prK3oJpN4juS4tZQA,720.0,404.0,https://i.ytimg.com/an_webp/eTyI-M50Hu4/mqdefault_6s.webp?du=3000&sqp=CPrQ-4QG&rs=AOn4CLDzlwL0SNWZjOYBRihjv-SgnDOiHg,320.0,180.0,,Great Learning,UCObs0kLIrDjX2LLSybqNaEA,https://yt3.ggpht.com/ytc/AAUvwnjdqghwtSP85aU3ISD3vFG7HupMhlnSVSvgeoGZRA=s68-c-k-c0x00ffffff-no-rj,68.0,68.0,https://www.youtube.com/channel/UCObs0kLIrDjX2LLSybqNaEA,"Python Tutorial in Hindi | Learn Python in Hindi | Python Full Course in Hindi | Python Tutorial by Great Learning 1 year ago 4 hours, 25 minutes 1,295,382 views","4 hours, 25 minutes, 16 seconds",https://www.youtube.com/watch?v=eTyI-M50Hu4,,,,,,,,,
video,t8pPdKYpowI,Python Tutorial for Beginners - Learn Python in 5 Hours [FULL COURSE],2 months ago,5:31:30,"408,844 views",408K views,https://i.ytimg.com/vi/t8pPdKYpowI/hq720.jpg?sqp=-oaymwEcCOgCEMoBSFXyq4qpAw4IARUAAIhCGAFwAcABBg==&rs=AOn4CLDBBWEVe-XMQgtxlBNiti-4F1tlPw,360,202,https://i.ytimg.com/vi/t8pPdKYpowI/hq720.jpg?sqp=-oaymwEcCNAFEJQDSFXyq4qpAw4IARUAAIhCGAFwAcABBg==&rs=AOn4CLAg-ArVjF42XbZm4NPk1fzdVFGxrA,720.0,404.0,https://i.ytimg.com/an_webp/t8pPdKYpowI/mqdefault_6s.webp?du=3000&sqp=CMLG-4QG&rs=AOn4CLBwiclpJfID5YRbq1MER6dmFarmcg,320.0,180.0,,TechWorld with Nana,UCdngmbVKX1Tgre699-XLlUA,https://yt3.ggpht.com/ytc/AAUvwnixetLSCCMBOgtp4bGatGQK813L2q-7afDxzmea7w=s68-c-k-c0x00ffffff-no-rj,68.0,68.0,https://www.youtube.com/channel/UCdngmbVKX1Tgre699-XLlUA,"Python Tutorial for Beginners - Learn Python in 5 Hours [FULL COURSE] by TechWorld with Nana 2 months ago 5 hours, 31 minutes 408,844 views","5 hours, 31 minutes, 30 seconds",https://www.youtube.com/watch?v=t8pPdKYpowI,,,,,,,,,
video,kqtD5dpn9C8,Python Tutorial for Beginners - Learn Python in 1 Hour,7 months ago,1:00:06,"1,307,220 views",1.3M views,https://i.ytimg.com/vi/kqtD5dpn9C8/hq720.jpg?sqp=-oaymwEcCOgCEMoBSFXyq4qpAw4IARUAAIhCGAFwAcABBg==&rs=AOn4CLD1iLVjsmE_gK2uZS887LgyThzx4Q,360,202,https://i.ytimg.com/vi/kqtD5dpn9C8/hq720.jpg?sqp=-oaymwEcCNAFEJQDSFXyq4qpAw4IARUAAIhCGAFwAcABBg==&rs=AOn4CLDoYD4sT1l-1w5fEUQt6pdtsKdfLQ,720.0,404.0,https://i.ytimg.com/an_webp/kqtD5dpn9C8/mqdefault_6s.webp?du=3000&sqp=CK3U-4QG&rs=AOn4CLC9yd5amLxcwIuxbBYoVHSGRKDeeg,320.0,180.0,,Programming with Mosh,UCWv7vMbMWH4-V0ZXdmDpPBA,https://yt3.ggpht.com/ytc/AAUvwnj82Lirw0dg6V5pJWAcWdG22OESyldUcDwAFEqQWg=s68-c-k-c0x00ffffff-no-rj,68.0,68.0,https://www.youtube.com/channel/UCWv7vMbMWH4-V0ZXdmDpPBA,"Python Tutorial for Beginners - Learn Python in 1 Hour by Programming with Mosh 7 months ago 1 hour 1,307,220 views","1 hour, 6 seconds",https://www.youtube.com/watch?v=kqtD5dpn9C8,,,,,,,,,
video,4F2m91eKmts,Python Tutorial for Beginners - Full Course in 11 Hours [2020],1 year ago,11:00:09,"2,052,966 views",2M views,https://i.ytimg.com/vi/4F2m91eKmts/hq720.jpg?sqp=-oaymwEcCOgCEMoBSFXyq4qpAw4IARUAAIhCGAFwAcABBg==&rs=AOn4CLA-xXKxkdEcnQSRc2t89jCM32_R5g,360,202,https://i.ytimg.com/vi/4F2m91eKmts/hq720.jpg?sqp=-oaymwEcCNAFEJQDSFXyq4qpAw4IARUAAIhCGAFwAcABBg==&rs=AOn4CLDaafw-b__ydDsmTRZgUB1sFb4i7A,720.0,404.0,https://i.ytimg.com/an_webp/4F2m91eKmts/mqdefault_6s.webp?du=3000&sqp=CO6g-4QG&rs=AOn4CLCStZM_DXRUwZCM5WgS-8wrTGoumA,320.0,180.0,,Clever Programmer,UCqrILQNl5Ed9Dz6CGMyvMTQ,https://yt3.ggpht.com/ytc/AAUvwniwccxGvXvGzzwka5f73aPbmdxvEX4G_cUd7TEzkw=s68-c-k-c0x00ffffff-no-rj,68.0,68.0,https://www.youtube.com/channel/UCqrILQNl5Ed9Dz6CGMyvMTQ,"Python Tutorial for Beginners - Full Course in 11 Hours [2020] by Clever Programmer 1 year ago 11 hours 2,052,966 views","11 hours, 9 seconds",https://www.youtube.com/watch?v=4F2m91eKmts,,,,,,,,,
playlist,PLwgFb6VsUj_lQTpQKDtLXKXElQychT_2j,Complete Python tutorial in Hindi (2020),,,,,https://i.ytimg.com/vi/RAwntanK4wQ/hqdefault.jpg?sqp=-oaymwEWCKgBEF5IWvKriqkDCQgBFQAAiEIYAQ==&rs=AOn4CLCApy_YexX0XoR4gQDtjY_QhC9KIQ,168,94,https://i.ytimg.com/vi/RAwntanK4wQ/hqdefault.jpg?sqp=-oaymwEWCMQBEG5IWvKriqkDCQgBFQAAiEIYAQ==&rs=AOn4CLB3_xtiWEFDuH7ehuGjp3EHypjpCg,196.0,110.0,,,,,Harshit vashisth,UCrkQMtWNtuq-1j0q8c2RVeQ,,,,https://www.youtube.com/channel/UCrkQMtWNtuq-1j0q8c2RVeQ,,,https://www.youtube.com/playlist?list=PLwgFb6VsUj_lQTpQKDtLXKXElQychT_2j,,241,https://i.ytimg.com/vi/RAwntanK4wQ/hqdefault.jpg?sqp=-oaymwEXCPYBEIoBSFryq4qpAwkIARUAAIhCGAE=&rs=AOn4CLA-Gxy1krgkAozQJBSFpHxgBFI8rg,246.0,138.0,https://i.ytimg.com/vi/RAwntanK4wQ/hqdefault.jpg?sqp=-oaymwEXCNACELwBSFryq4qpAwkIARUAAIhCGAE=&rs=AOn4CLDsexOyNmjEOkv2pjUUYd0d1R4Hww,336.0,188.0,
video,cdkzcNu4k34,Automate WhatsApp message || Hack WhatsApp || WhatsApp trick || Learn Python || Python Project,6 months ago,5:11,"477,492 views",477K views,https://i.ytimg.com/vi/cdkzcNu4k34/hq720.jpg?sqp=-oaymwEcCOgCEMoBSFXyq4qpAw4IARUAAIhCGAFwAcABBg==&rs=AOn4CLAYXIh9QTn3I77g1sGzTrfD9j9HVA,360,202,https://i.ytimg.com/vi/cdkzcNu4k34/hq720.jpg?sqp=-oaymwEcCNAFEJQDSFXyq4qpAw4IARUAAIhCGAFwAcABBg==&rs=AOn4CLDcDvhglEMRLjAm68kkGAzy448rpw,720.0,404.0,https://i.ytimg.com/an_webp/cdkzcNu4k34/mqdefault_6s.webp?du=3000&sqp=CPzL-4QG&rs=AOn4CLCBHUP7iIAUAWlC08SOnQD_ZLDovQ,320.0,180.0,,Programming Hero,UCStj-ORBZ7TGK1FwtGAUgbQ,https://yt3.ggpht.com/ytc/AAUvwnixvIQZRJsC-980VBOJCV2PoJl1KB5rV2zDr4zm=s68-c-k-c0x00ffffff-no-rj,68.0,68.0,https://www.youtube.com/channel/UCStj-ORBZ7TGK1FwtGAUgbQ,"Automate WhatsApp message || Hack WhatsApp || WhatsApp trick || Learn Python || Python Project by Programming Hero 6 months ago 5 minutes, 11 seconds 477,492 views","5 minutes, 11 seconds",https://www.youtube.com/watch?v=cdkzcNu4k34,,,,,,,,,
video,XKHEtdqhLK8,Python Full Course üêç (ùôÅùôßùôöùôö),2 months ago,12:00:00,"222,468 views",222K views,https://i.ytimg.com/vi/XKHEtdqhLK8/hq720.jpg?sqp=-oaymwEcCOgCEMoBSFXyq4qpAw4IARUAAIhCGAFwAcABBg==&rs=AOn4CLBae20jEWLVRS7V81SCWosPrpdH9A,360,202,https://i.ytimg.com/vi/XKHEtdqhLK8/hq720.jpg?sqp=-oaymwEcCNAFEJQDSFXyq4qpAw4IARUAAIhCGAFwAcABBg==&rs=AOn4CLAwiaYg15KmdfuYUhMbmDWXAoam8Q,720.0,404.0,https://i.ytimg.com/an_webp/XKHEtdqhLK8/mqdefault_6s.webp?du=3000&sqp=CMDa-4QG&rs=AOn4CLBYimyLer_hz9yNoPR6AhSxGPDtRg,320.0,180.0,,Bro Code,UC4SVo0Ue36XCfOyb5Lh1viQ,https://yt3.ggpht.com/ytc/AAUvwngkLa2K2hztBjibf2pUaX9jdT9ytpNdPJqvRUUniw=s68-c-k-c0x00ffffff-no-rj,68.0,68.0,https://www.youtube.com/channel/UC4SVo0Ue36XCfOyb5Lh1viQ,"Python Full Course üêç (ùôÅùôßùôöùôö) by Bro Code 2 months ago 12 hours 222,468 views",12 hours,https://www.youtube.com/watch?v=XKHEtdqhLK8,,,,,,,,,
video,MoeQlmeJnPg,Downloading Python and Pycharm Installation | Python Tutorials For Absolute Beginners In Hindi #2,2 years ago,14:52,"934,092 views",934K views,https://i.ytimg.com/vi/MoeQlmeJnPg/hq720.jpg?sqp=-oaymwEcCOgCEMoBSFXyq4qpAw4IARUAAIhCGAFwAcABBg==&rs=AOn4CLB-7RiRb2kQgYe0URnbw69vETVe3w,360,202,https://i.ytimg.com/vi/MoeQlmeJnPg/hq720.jpg?sqp=-oaymwEcCNAFEJQDSFXyq4qpAw4IARUAAIhCGAFwAcABBg==&rs=AOn4CLBEDqyWZAFa3I-ut_bAbOGwx-R6OA,720.0,404.0,https://i.ytimg.com/an_webp/MoeQlmeJnPg/mqdefault_6s.webp?du=3000&sqp=COi5-4QG&rs=AOn4CLD5gOdAlHVLTRwZGv3_p_4F5X7cYQ,320.0,180.0,,CodeWithHarry,UCeVMnSShP_Iviwkknt83cww,https://yt3.ggpht.com/ytc/AAUvwnjeHnMHZ7T341QLHqPhQPfsG6ugvg_SV6z6FkYqGw=s68-c-k-c0x00ffffff-no-rj,68.0,68.0,https://www.youtube.com/channel/UCeVMnSShP_Iviwkknt83cww,"Downloading Python and Pycharm Installation | Python Tutorials For Absolute Beginners In Hindi #2 by CodeWithHarry 2 years ago 14 minutes, 52 seconds 934,092 views","14 minutes, 52 seconds",https://www.youtube.com/watch?v=MoeQlmeJnPg,,,,,,,,,
video,HGOBQPFzWKo,Intermediate Python Programming Course,8 months ago,5:55:47,"746,849 views",746K views,https://i.ytimg.com/vi/HGOBQPFzWKo/hq720.jpg?sqp=-oaymwEcCOgCEMoBSFXyq4qpAw4IARUAAIhCGAFwAcABBg==&rs=AOn4CLDO1ErlMeIWpAGvYrWWW10l4NCAzA,360,202,https://i.ytimg.com/vi/HGOBQPFzWKo/hq720.jpg?sqp=-oaymwEcCNAFEJQDSFXyq4qpAw4IARUAAIhCGAFwAcABBg==&rs=AOn4CLCEYVC6eRlCzZ1s5pDKOnOJEWpV_A,720.0,404.0,https://i.ytimg.com/an_webp/HGOBQPFzWKo/mqdefault_6s.webp?du=3000&sqp=CN60-4QG&rs=AOn4CLDr7GfwJDD24cWVmmEq6kky3djpHg,320.0,180.0,,freeCodeCamp.org,UC8butISFwT-Wl7EV0hUK0BQ,https://yt3.ggpht.com/ytc/AAUvwnifaQZvAunS0OFb2y_cieoVjLCVjqQW8Exf3BC1gg=s68-c-k-c0x00ffffff-no-rj,68.0,68.0,https://www.youtube.com/channel/UC8butISFwT-Wl7EV0hUK0BQ,"Intermediate Python Programming Course by freeCodeCamp.org 8 months ago 5 hours, 55 minutes 746,849 views","5 hours, 55 minutes, 47 seconds",https://www.youtube.com/watch?v=HGOBQPFzWKo,,,,,,,,,
video,mhdExzt7AnU,Learn Python In Tamil | Beginner to Advance Complete guide | Tamil Hacks,1 year ago,3:37:14,"666,000 views",666K views,https://i.ytimg.com/vi/mhdExzt7AnU/hq720.jpg?sqp=-oaymwEcCOgCEMoBSFXyq4qpAw4IARUAAIhCGAFwAcABBg==&rs=AOn4CLDGzDxWDS0-HYVXyOhL-5GfaCSUBA,360,202,https://i.ytimg.com/vi/mhdExzt7AnU/hq720.jpg?sqp=-oaymwEcCNAFEJQDSFXyq4qpAw4IARUAAIhCGAFwAcABBg==&rs=AOn4CLAmaUqPRWoPzXJrb1EwxWn73RV34g,720.0,404.0,,,,,Tamil Hacks 2.0,UCXZTnQ3pmX29VbQ1-XbhLsw,https://yt3.ggpht.com/ytc/AAUvwngNJ8YMh4olnAGo7FmZjSOl5yTKVDEhfKDuQGut=s68-c-k-c0x00ffffff-no-rj,68.0,68.0,https://www.youtube.com/channel/UCXZTnQ3pmX29VbQ1-XbhLsw,"Learn Python In Tamil | Beginner to Advance Complete guide | Tamil Hacks by Tamil Hacks 2.0 1 year ago 3 hours, 37 minutes 666,000 views","3 hours, 37 minutes, 14 seconds",https://www.youtube.com/watch?v=mhdExzt7AnU,,,,,,,,,
video,_PDEaHgtJF0,Python For Data Science | Demo Session | On 14-05-2021 | by Durga Sir,14 hours ago,59:54,"1,045 views",1K views,https://i.ytimg.com/vi/_PDEaHgtJF0/hqdefault.jpg?sqp=-oaymwEcCOADEI4CSFXyq4qpAw4IARUAAIhCGAFwAcABBg==&rs=AOn4CLBANdt7t0Aeoww2JMFS5W-L9Ww0Iw,480,270,,,,,,,,Durga Software Solutions,UCbjozK_PYCTLEluFlrJ8UZg,https://yt3.ggpht.com/ytc/AAUvwnj3zg3JtbAZeuK-PSm_QR2cf30wIDbp9SlML9JvSA=s68-c-k-c0x00ffffff-no-rj,68.0,68.0,https://www.youtube.com/channel/UCbjozK_PYCTLEluFlrJ8UZg,"Python For Data Science | Demo Session | On 14-05-2021 | by Durga Sir by Durga Software Solutions 14 hours ago 59 minutes 1,045 views","59 minutes, 54 seconds",https://www.youtube.com/watch?v=_PDEaHgtJF0,,,,,,,,,
video,ZAtZagnARXc,'Snake God' Wrestles 20ft Pythons | BEAST BUDDIES,1 year ago,9:22,"9,163,729 views",9.1M views,https://i.ytimg.com/vi/ZAtZagnARXc/hq720.jpg?sqp=-oaymwEcCOgCEMoBSFXyq4qpAw4IARUAAIhCGAFwAcABBg==&rs=AOn4CLD_36PTFr_FR8QiLjkXCdSSGQq8bg,360,202,https://i.ytimg.com/vi/ZAtZagnARXc/hq720.jpg?sqp=-oaymwEcCNAFEJQDSFXyq4qpAw4IARUAAIhCGAFwAcABBg==&rs=AOn4CLCFYbPX1Yx_aRNu9EPsVEf05ZaXEg,720.0,404.0,https://i.ytimg.com/an_webp/ZAtZagnARXc/mqdefault_6s.webp?du=3000&sqp=CJu7-4QG&rs=AOn4CLCRmY-LPhw2zRrfvL5LBrfyi5ukqg,320.0,180.0,,Beastly,UC9LxuffQCm_Z4KBCoXZvSHA,https://yt3.ggpht.com/ytc/AAUvwnhKQEdtXKzFiU7jGe7Fx2Zcvaw-4lK12zjDWlnX8A=s68-c-k-c0x00ffffff-no-rj,68.0,68.0,https://www.youtube.com/channel/UC9LxuffQCm_Z4KBCoXZvSHA,"'Snake God' Wrestles 20ft Pythons | BEAST BUDDIES by Beastly 1 year ago 9 minutes, 22 seconds 9,163,729 views","9 minutes, 22 seconds",https://www.youtube.com/watch?v=ZAtZagnARXc,,,,,,,,,
video,GPVsHOlRBBI,"Data Analysis with Python Course - Numpy, Pandas, Data Visualization",2 months ago,9:56:23,"232,941 views",232K views,https://i.ytimg.com/vi/GPVsHOlRBBI/hq720.jpg?sqp=-oaymwEcCOgCEMoBSFXyq4qpAw4IARUAAIhCGAFwAcABBg==&rs=AOn4CLDSkw0c8G8osIuDUOOeuNMLjJS58w,360,202,https://i.ytimg.com/vi/GPVsHOlRBBI/hq720.jpg?sqp=-oaymwEcCNAFEJQDSFXyq4qpAw4IARUAAIhCGAFwAcABBg==&rs=AOn4CLCfVKVPMExh1SZvI-fy3ATPshe_lQ,720.0,404.0,https://i.ytimg.com/an_webp/GPVsHOlRBBI/mqdefault_6s.webp?du=3000&sqp=CIri-4QG&rs=AOn4CLCdF5XZCxrEazyZdBw40HkFlKhXJg,320.0,180.0,,freeCodeCamp.org,UC8butISFwT-Wl7EV0hUK0BQ,https://yt3.ggpht.com/ytc/AAUvwnifaQZvAunS0OFb2y_cieoVjLCVjqQW8Exf3BC1gg=s68-c-k-c0x00ffffff-no-rj,68.0,68.0,https://www.youtube.com/channel/UC8butISFwT-Wl7EV0hUK0BQ,"Data Analysis with Python Course - Numpy, Pandas, Data Visualization by freeCodeCamp.org 2 months ago 9 hours, 56 minutes 232,941 views","9 hours, 56 minutes, 23 seconds",https://www.youtube.com/watch?v=GPVsHOlRBBI,,,,,,,,,
video,4pFVZP9Yh3s,ANGRY RETICULATED PYTHON with EGGs at Prehistoric Pets!,11 months ago,10:08,"1,341,659 views",1.3M views,https://i.ytimg.com/vi/4pFVZP9Yh3s/hq720.jpg?sqp=-oaymwEcCOgCEMoBSFXyq4qpAw4IARUAAIhCGAFwAcABBg==&rs=AOn4CLBZtdIO4mQ7dap10hMG3EGIOCQ4LQ,360,202,https://i.ytimg.com/vi/4pFVZP9Yh3s/hq720.jpg?sqp=-oaymwEcCNAFEJQDSFXyq4qpAw4IARUAAIhCGAFwAcABBg==&rs=AOn4CLD2J3ZTmiJG32u9Hopz0jjXLO5tJg,720.0,404.0,https://i.ytimg.com/an_webp/4pFVZP9Yh3s/mqdefault_6s.webp?du=3000&sqp=CLjM-4QG&rs=AOn4CLA7_CsIBfINhewtuOXhzRYTJ1boTQ,320.0,180.0,,JayPrehistoricPets,UCxmpUZtj2j93UuFALWE1q4w,https://yt3.ggpht.com/ytc/AAUvwni3iDwJe13Bko_UVZRP1tit6og9aQ0LLLjV_PLtwg=s68-c-k-c0x00ffffff-no-rj,68.0,68.0,https://www.youtube.com/channel/UCxmpUZtj2j93UuFALWE1q4w,"ANGRY RETICULATED PYTHON with EGGs at Prehistoric Pets! by JayPrehistoricPets 11 months ago 10 minutes, 8 seconds 1,341,659 views","10 minutes, 8 seconds",https://www.youtube.com/watch?v=4pFVZP9Yh3s,,,,,,,,,
video,iZz4GhPRgxo,"Python (2000) | Action Horror Movie | Frayne Rosanoff, Robert Englund",4 years ago,1:32:22,"5,513,925 views",5.5M views,https://i.ytimg.com/vi/iZz4GhPRgxo/hq720.jpg?sqp=-oaymwEcCOgCEMoBSFXyq4qpAw4IARUAAIhCGAFwAcABBg==&rs=AOn4CLAYrx41IPY_4FZ1mnknoP05bz9fKg,360,202,https://i.ytimg.com/vi/iZz4GhPRgxo/hq720.jpg?sqp=-oaymwEcCNAFEJQDSFXyq4qpAw4IARUAAIhCGAFwAcABBg==&rs=AOn4CLAP8BBAQr279TxjaTfG8PS3xrYdRA,720.0,404.0,https://i.ytimg.com/an_webp/iZz4GhPRgxo/mqdefault_6s.webp?du=3000&sqp=CJbj-4QG&rs=AOn4CLCqklkwTuEcK3P74pFxoVaFlLRBDA,320.0,180.0,,Cinecurry Hollywood,UCrKhoJu5EeWXBK5jpEj6uvw,https://yt3.ggpht.com/ytc/AAUvwniSmOMWDkMD8jp--bEnlI8X2bcPl8p3jtF3eN0q=s68-c-k-c0x00ffffff-no-rj,68.0,68.0,https://www.youtube.com/channel/UCrKhoJu5EeWXBK5jpEj6uvw,"Python (2000) | Action Horror Movie | Frayne Rosanoff, Robert Englund by Cinecurry Hollywood 4 years ago 1 hour, 32 minutes 5,513,925 views","1 hour, 32 minutes, 22 seconds",https://www.youtube.com/watch?v=iZz4GhPRgxo,,,,,,,,,
video,eIM9DQMZQeE,Learning Python? You Must take a look at this book! Not Just for Scientists.,4 days ago,4:42,"16,873 views",16K views,https://i.ytimg.com/vi/eIM9DQMZQeE/hq720.jpg?sqp=-oaymwEcCOgCEMoBSFXyq4qpAw4IARUAAIhCGAFwAcABBg==&rs=AOn4CLCRF7ZU46LISmJFbmvgD4kYx4vzmw,360,202,https://i.ytimg.com/vi/eIM9DQMZQeE/hq720.jpg?sqp=-oaymwEcCNAFEJQDSFXyq4qpAw4IARUAAIhCGAFwAcABBg==&rs=AOn4CLCOTmdWVscH1R9f7Bw9MAyu1ulftg,720.0,404.0,https://i.ytimg.com/an_webp/eIM9DQMZQeE/mqdefault_6s.webp?du=3000&sqp=CKOx-4QG&rs=AOn4CLC5EOoG0HynHLCZdI4kXA40xtUW8A,320.0,180.0,,Python Programmer,UC68KSmHePPePCjW4v57VPQg,https://yt3.ggpht.com/ytc/AAUvwnhr7W5AB1k2QlrZsoL1K5hsfmsplduZZVg8WmZ1dA=s68-c-k-c0x00ffffff-no-rj,68.0,68.0,https://www.youtube.com/channel/UC68KSmHePPePCjW4v57VPQg,"Learning Python? You Must take a look at this book! Not Just for Scientists. by Python Programmer 4 days ago 4 minutes, 42 seconds 16,873 views","4 minutes, 42 seconds",https://www.youtube.com/watch?v=eIM9DQMZQeE,,,,,,,,,
video,f79MRyMsjrQ,Learn Python Programming - Python Course,2 years ago,1:48:05,"703,878 views",703K views,https://i.ytimg.com/vi/f79MRyMsjrQ/hq720.jpg?sqp=-oaymwEcCOgCEMoBSFXyq4qpAw4IARUAAIhCGAFwAcABBg==&rs=AOn4CLB1k768ODTy4wTKyR_rcOeKEdHosQ,360,202,https://i.ytimg.com/vi/f79MRyMsjrQ/hq720.jpg?sqp=-oaymwEcCNAFEJQDSFXyq4qpAw4IARUAAIhCGAFwAcABBg==&rs=AOn4CLACn39tY-myn44DQSl51ULwXp-srw,720.0,404.0,https://i.ytimg.com/an_webp/f79MRyMsjrQ/mqdefault_6s.webp?du=3000&sqp=CJiu-4QG&rs=AOn4CLD66n_gykwvljWrxL7dhQeXDxQ-4A,320.0,180.0,,Programming with Mosh,UCWv7vMbMWH4-V0ZXdmDpPBA,https://yt3.ggpht.com/ytc/AAUvwnj82Lirw0dg6V5pJWAcWdG22OESyldUcDwAFEqQWg=s68-c-k-c0x00ffffff-no-rj,68.0,68.0,https://www.youtube.com/channel/UCWv7vMbMWH4-V0ZXdmDpPBA,"Learn Python Programming - Python Course by Programming with Mosh 2 years ago 1 hour, 48 minutes 703,878 views","1 hour, 48 minutes, 5 seconds",https://www.youtube.com/watch?v=f79MRyMsjrQ,,,,,,,,,
video,4OX49nLNPEE,#18 Python Tutorial for Beginners | User input in Python | Command Line Input,2 years ago,11:59,"755,410 views",755K views,https://i.ytimg.com/vi/4OX49nLNPEE/hq720.jpg?sqp=-oaymwEcCOgCEMoBSFXyq4qpAw4IARUAAIhCGAFwAcABBg==&rs=AOn4CLDTXXWu6K6XrUaXr8UmLjrRGaAvYw,360,202,https://i.ytimg.com/vi/4OX49nLNPEE/hq720.jpg?sqp=-oaymwEcCNAFEJQDSFXyq4qpAw4IARUAAIhCGAFwAcABBg==&rs=AOn4CLC5fEecl5xaH8o0GEUM8AVbX0VEkQ,720.0,404.0,https://i.ytimg.com/an_webp/4OX49nLNPEE/mqdefault_6s.webp?du=3000&sqp=CNrN-4QG&rs=AOn4CLAHBZ9LKFmgX9L19za4r8F3B-CbVg,320.0,180.0,,Telusko,UC59K-uG2A5ogwIrHw4bmlEg,https://yt3.ggpht.com/ytc/AAUvwnge5NyVX7anyIFrIaWVfxpyOfJifDHzMAU5GMmA=s68-c-k-c0x00ffffff-no-rj,68.0,68.0,https://www.youtube.com/channel/UC59K-uG2A5ogwIrHw4bmlEg,"#18 Python Tutorial for Beginners | User input in Python | Command Line Input by Telusko 2 years ago 11 minutes, 59 seconds 755,410 views","11 minutes, 59 seconds",https://www.youtube.com/watch?v=4OX49nLNPEE,,,,,,,,,
video,7YS6YDQKFh0,Automate Excel With Python - Python Excel Tutorial (OpenPyXL),1 day ago,38:02,"16,443 views",16K views,https://i.ytimg.com/vi/7YS6YDQKFh0/hq720.jpg?sqp=-oaymwEcCOgCEMoBSFXyq4qpAw4IARUAAIhCGAFwAcABBg==&rs=AOn4CLBv9H9GK9maB7Jr7AGmEoQWH5hNmg,360,202,https://i.ytimg.com/vi/7YS6YDQKFh0/hq720.jpg?sqp=-oaymwEcCNAFEJQDSFXyq4qpAw4IARUAAIhCGAFwAcABBg==&rs=AOn4CLAO6c5OuuJQLjVbX5w-qjWkjWFr9A,720.0,404.0,,,,,Tech With Tim,UC4JX40jDee_tINbkjycV4Sg,https://yt3.ggpht.com/ytc/AAUvwnhIFsTY7d1nrpmQ7RWafOXqQIWBVtPePQvJ6JliOg=s68-c-k-c0x00ffffff-no-rj,68.0,68.0,https://www.youtube.com/channel/UC4JX40jDee_tINbkjycV4Sg,"Automate Excel With Python - Python Excel Tutorial (OpenPyXL) by Tech With Tim 1 day ago 38 minutes 16,443 views","38 minutes, 2 seconds",https://www.youtube.com/watch?v=7YS6YDQKFh0,,,,,,,,,
video,YwIX8w9i2DM,Automate Excel with Python Tutorial (2020),8 months ago,7:43,"114,386 views",114K views,https://i.ytimg.com/vi/YwIX8w9i2DM/hq720.jpg?sqp=-oaymwEcCOgCEMoBSFXyq4qpAw4IARUAAIhCGAFwAcABBg==&rs=AOn4CLCs48bG32mjsbpxT7yLNUdoJr0juA,360,202,https://i.ytimg.com/vi/YwIX8w9i2DM/hq720.jpg?sqp=-oaymwEcCNAFEJQDSFXyq4qpAw4IARUAAIhCGAFwAcABBg==&rs=AOn4CLC9ZA3NHO4JoV8k3ipVYuoHeYzz_w,720.0,404.0,https://i.ytimg.com/an_webp/YwIX8w9i2DM/mqdefault_6s.webp?du=3000&sqp=CIW1-4QG&rs=AOn4CLDicX4YOWbbO5MqsL870spqkEwgZA,320.0,180.0,,Davide Merlin,UCbg0ptFI3yZ4Pe5vmUiEzzA,https://yt3.ggpht.com/ytc/AAUvwnhenI8E3O1j1_Li2lNWDP95bqhMKcFGNwPhL7XByA=s68-c-k-c0x00ffffff-no-rj,68.0,68.0,https://www.youtube.com/channel/UCbg0ptFI3yZ4Pe5vmUiEzzA,"Automate Excel with Python Tutorial (2020) by Davide Merlin 8 months ago 7 minutes, 43 seconds 114,386 views","7 minutes, 43 seconds",https://www.youtube.com/watch?v=YwIX8w9i2DM,,,,,,,,,
video,-79HGfWmH_w,The Hottest New Feature Coming In Python 3.10 - Structural Pattern Matching / Match Statement,1 month ago,16:15,"87,262 views",87K views,https://i.ytimg.com/vi/-79HGfWmH_w/hq720.jpg?sqp=-oaymwEcCOgCEMoBSFXyq4qpAw4IARUAAIhCGAFwAcABBg==&rs=AOn4CLCI4bBO4Kn0MgpIgviQJeDiuSbjxQ,360,202,https://i.ytimg.com/vi/-79HGfWmH_w/hq720.jpg?sqp=-oaymwEcCNAFEJQDSFXyq4qpAw4IARUAAIhCGAFwAcABBg==&rs=AOn4CLCuMCfiIA5p2NvTLDcqU72EdjvweQ,720.0,404.0,https://i.ytimg.com/an_webp/-79HGfWmH_w/mqdefault_6s.webp?du=3000&sqp=CMTb-4QG&rs=AOn4CLB82LmdK6aSeqJjibBqb1JZDFVLAw,320.0,180.0,,mCoding,UCaiL2GDNpLYH6Wokkk1VNcg,https://yt3.ggpht.com/ytc/AAUvwngynrZY9v5Epn77E9jzR4guwV2BysYZfD0q_sJz=s68-c-k-c0x00ffffff-no-rj,68.0,68.0,https://www.youtube.com/channel/UCaiL2GDNpLYH6Wokkk1VNcg,"The Hottest New Feature Coming In Python 3.10 - Structural Pattern Matching / Match Statement by mCoding 1 month ago 16 minutes 87,262 views","16 minutes, 15 seconds",https://www.youtube.com/watch?v=-79HGfWmH_w,,,,,,,,,
video,5Fd9xFtIuFA,Naivasha python scares off Police,8 years ago,1:44,"182,872 views",182K views,https://i.ytimg.com/vi/5Fd9xFtIuFA/hqdefault.jpg?sqp=-oaymwEcCOADEI4CSFXyq4qpAw4IARUAAIhCGAFwAcABBg==&rs=AOn4CLCpgzmlbNOgQOQESryiaKs_En79Wg,480,270,,,,https://i.ytimg.com/an_webp/5Fd9xFtIuFA/mqdefault_6s.webp?du=3000&sqp=CMDc-4QG&rs=AOn4CLB-B01PZlSt9CiquisiyZ171gxbCw,320.0,180.0,,KTN News Kenya,UCKVsdeoHExltrWMuK0hOWmg,https://yt3.ggpht.com/ytc/AAUvwnghUlAZnHd45sZ3Tx2Ent7xhaWN9BvFs8NUqVBji-c=s68-c-k-c0x00ffffff-no-rj,68.0,68.0,https://www.youtube.com/channel/UCKVsdeoHExltrWMuK0hOWmg,"Naivasha python scares off Police by KTN News Kenya 8 years ago 1 minute, 44 seconds 182,872 views","1 minute, 44 seconds",https://www.youtube.com/watch?v=5Fd9xFtIuFA,,,,,,,,,
video,KMyr3IMJjAc,PYTHON AND DEEP LEARNING : Day -3 (Python Data Strcutures ),Streamed 2 days ago,1:17:36,"12,372 views",12K views,https://i.ytimg.com/vi/KMyr3IMJjAc/hq720.jpg?sqp=-oaymwEcCOgCEMoBSFXyq4qpAw4IARUAAIhCGAFwAcABBg==&rs=AOn4CLDEvdaGPmX-F5oyi8qZX5T25JzSXg,360,202,https://i.ytimg.com/vi/KMyr3IMJjAc/hq720.jpg?sqp=-oaymwEcCNAFEJQDSFXyq4qpAw4IARUAAIhCGAFwAcABBg==&rs=AOn4CLDbNJJ9qUlJjz_3Jz1irxE18CMpcA,720.0,404.0,https://i.ytimg.com/an_webp/KMyr3IMJjAc/mqdefault_6s.webp?du=3000&sqp=CLPR-4QG&rs=AOn4CLDex5yir_i2lsvSAKsPdSH05JStUQ,320.0,180.0,,Shape AI,UCTUvDLTW9meuDXWcbmISPdA,https://yt3.ggpht.com/ytc/AAUvwnijqJmu6023PBUeNjnfIV4hucR3nAs9MiVJ3k2E=s68-c-k-c0x00ffffff-no-rj,68.0,68.0,https://www.youtube.com/channel/UCTUvDLTW9meuDXWcbmISPdA,"PYTHON AND DEEP LEARNING : Day -3 (Python Data Strcutures ) by Shape AI Streamed 2 days ago 1 hour, 17 minutes 12,372 views","1 hour, 17 minutes, 36 seconds",https://www.youtube.com/watch?v=KMyr3IMJjAc,,,,,,,,,
video,woVJ4N5nl_s,Python Basics | Python Tutorial For Beginners | Learn Python Programming from Scratch | Edureka,Streamed 1 year ago,1:31:31,"454,319 views",454K views,https://i.ytimg.com/vi/woVJ4N5nl_s/hq720.jpg?sqp=-oaymwEcCOgCEMoBSFXyq4qpAw4IARUAAIhCGAFwAcABBg==&rs=AOn4CLDmW2Yks6McIXTnt6MzugEqR6VXYQ,360,202,https://i.ytimg.com/vi/woVJ4N5nl_s/hq720.jpg?sqp=-oaymwEcCNAFEJQDSFXyq4qpAw4IARUAAIhCGAFwAcABBg==&rs=AOn4CLAxLZJvsI2tI8LPZoXHQzGHiQZxqw,720.0,404.0,https://i.ytimg.com/an_webp/woVJ4N5nl_s/mqdefault_6s.webp?du=3000&sqp=CNva-4QG&rs=AOn4CLD1PXzMt5IGTCoPMWZT4q3gevbRjg,320.0,180.0,,edureka!,UCkw4JCwteGrDHIsyIIKo4tQ,https://yt3.ggpht.com/ytc/AAUvwni7i_dF9urC5uwdLIRQU89f5H4krFAgJgywql8kiA=s68-c-k-c0x00ffffff-no-rj,68.0,68.0,https://www.youtube.com/channel/UCkw4JCwteGrDHIsyIIKo4tQ,"Python Basics | Python Tutorial For Beginners | Learn Python Programming from Scratch | Edureka by edureka! Streamed 1 year ago 1 hour, 31 minutes 454,319 views","1 hour, 31 minutes, 31 seconds",https://www.youtube.com/watch?v=woVJ4N5nl_s,,,,,,,,,
video,8O5kX73OkIY,#49 Python Tutorial for Beginners | Class and Object,2 years ago,11:01,"419,906 views",419K views,https://i.ytimg.com/vi/8O5kX73OkIY/hq720.jpg?sqp=-oaymwEcCOgCEMoBSFXyq4qpAw4IARUAAIhCGAFwAcABBg==&rs=AOn4CLDSwbLwHFzD5j7FBWf_0RLdXoxL8g,360,202,https://i.ytimg.com/vi/8O5kX73OkIY/hq720.jpg?sqp=-oaymwEcCNAFEJQDSFXyq4qpAw4IARUAAIhCGAFwAcABBg==&rs=AOn4CLDRjKmdO0DrU7LMq2vYs4FxAVH8YA,720.0,404.0,https://i.ytimg.com/an_webp/8O5kX73OkIY/mqdefault_6s.webp?du=3000&sqp=CKzY-4QG&rs=AOn4CLAbvd1keaueQPXrBN-rW4F1GuIryQ,320.0,180.0,,Telusko,UC59K-uG2A5ogwIrHw4bmlEg,https://yt3.ggpht.com/ytc/AAUvwnge5NyVX7anyIFrIaWVfxpyOfJifDHzMAU5GMmA=s68-c-k-c0x00ffffff-no-rj,68.0,68.0,https://www.youtube.com/channel/UC59K-uG2A5ogwIrHw4bmlEg,"#49 Python Tutorial for Beginners | Class and Object by Telusko 2 years ago 11 minutes, 1 second 419,906 views","11 minutes, 1 second",https://www.youtube.com/watch?v=8O5kX73OkIY,,,,,,,,,
video,l8Imtec4ReQ,Kivy Course - Create Python Games and Mobile Apps,2 days ago,5:41:27,"33,615 views",33K views,https://i.ytimg.com/vi/l8Imtec4ReQ/hq720.jpg?sqp=-oaymwEcCOgCEMoBSFXyq4qpAw4IARUAAIhCGAFwAcABBg==&rs=AOn4CLCMDKKfFD2x8hn5vKMMpVtq6U7qRg,360,202,https://i.ytimg.com/vi/l8Imtec4ReQ/hq720.jpg?sqp=-oaymwEcCNAFEJQDSFXyq4qpAw4IARUAAIhCGAFwAcABBg==&rs=AOn4CLDpkyari0SD4EmmkSB7eM_qmHUghQ,720.0,404.0,https://i.ytimg.com/an_webp/l8Imtec4ReQ/mqdefault_6s.webp?du=3000&sqp=CKTi-4QG&rs=AOn4CLDkR18QtaaTLQpJZoBk_U7JJCDtSg,320.0,180.0,,freeCodeCamp.org,UC8butISFwT-Wl7EV0hUK0BQ,https://yt3.ggpht.com/ytc/AAUvwnifaQZvAunS0OFb2y_cieoVjLCVjqQW8Exf3BC1gg=s68-c-k-c0x00ffffff-no-rj,68.0,68.0,https://www.youtube.com/channel/UC8butISFwT-Wl7EV0hUK0BQ,"Kivy Course - Create Python Games and Mobile Apps by freeCodeCamp.org 2 days ago 5 hours, 41 minutes 33,615 views","5 hours, 41 minutes, 27 seconds",https://www.youtube.com/watch?v=l8Imtec4ReQ,,,,,,,,,
video,k0ujghMW96w,Anaconda vs Python - ‡§ï‡§ø‡§∏‡§ï‡•Ä ‡§π‡•ã‡§ó‡•Ä ‡§ú‡•Ä‡§§ | Duniya ka sabse bada saap | Duniya ka sabse lamba saap,6 months ago,8:03,"550,965 views",550K views,https://i.ytimg.com/vi/k0ujghMW96w/hq720.jpg?sqp=-oaymwEcCOgCEMoBSFXyq4qpAw4IARUAAIhCGAFwAcABBg==&rs=AOn4CLDXN9_BAUC8dmxPq0i_gI1u_uViuw,360,202,https://i.ytimg.com/vi/k0ujghMW96w/hq720.jpg?sqp=-oaymwEcCNAFEJQDSFXyq4qpAw4IARUAAIhCGAFwAcABBg==&rs=AOn4CLBJ7SxCVeGwyq2gxqx2X9HYIds03g,720.0,404.0,https://i.ytimg.com/an_webp/k0ujghMW96w/mqdefault_6s.webp?du=3000&sqp=CJTd-4QG&rs=AOn4CLBF2ZDjHKl4z4ZVXLi2obBbt9JjHw,320.0,180.0,,Secret Sach,UC1AV3Ts0VdTxrAVQO1GXa_g,https://yt3.ggpht.com/ytc/AAUvwnjbJ-LM1sfYHj68_Vfe327iYk_hpXkMoUW5eZyF=s68-c-k-c0x00ffffff-no-rj,68.0,68.0,https://www.youtube.com/channel/UC1AV3Ts0VdTxrAVQO1GXa_g,"Anaconda vs Python - ‡§ï‡§ø‡§∏‡§ï‡•Ä ‡§π‡•ã‡§ó‡•Ä ‡§ú‡•Ä‡§§ | Duniya ka sabse bada saap | Duniya ka sabse lamba saap by Secret Sach 6 months ago 8 minutes, 3 seconds 550,965 views","8 minutes, 3 seconds",https://www.youtube.com/watch?v=k0ujghMW96w,,,,,,,,,
video,bJOvYgSqrOs,Zoom Clone in Python,3 weeks ago,24:27,"40,608 views",40K views,https://i.ytimg.com/vi/bJOvYgSqrOs/hq720.jpg?sqp=-oaymwEcCOgCEMoBSFXyq4qpAw4IARUAAIhCGAFwAcABBg==&rs=AOn4CLABNcSFqdAGvyfDOZDzRi8QlJlvHA,360,202,https://i.ytimg.com/vi/bJOvYgSqrOs/hq720.jpg?sqp=-oaymwEcCNAFEJQDSFXyq4qpAw4IARUAAIhCGAFwAcABBg==&rs=AOn4CLDWtQ6jkMtcBP7W5xFaWu1qfnqF_w,720.0,404.0,https://i.ytimg.com/an_webp/bJOvYgSqrOs/mqdefault_6s.webp?du=3000&sqp=CPy8-4QG&rs=AOn4CLCSqMEIFE4oswQmQs4AMYj94Um4_Q,320.0,180.0,,NeuralNine,UC8wZnXYK_CGKlBcZp-GxYPA,https://yt3.ggpht.com/ytc/AAUvwniZ0iAR0-iiqjCju5guN6OlEE_blepRLtwIy1Qn-Q=s68-c-k-c0x00ffffff-no-rj,68.0,68.0,https://www.youtube.com/channel/UC8wZnXYK_CGKlBcZp-GxYPA,"Zoom Clone in Python by NeuralNine 3 weeks ago 24 minutes 40,608 views","24 minutes, 27 seconds",https://www.youtube.com/watch?v=bJOvYgSqrOs,,,,,,,,,
video,OaeHnwnlDqw,Feeding a Reticulated Python | Secrets of the Zoo: Down Under,4 weeks ago,4:10,"433,117 views",433K views,https://i.ytimg.com/vi/OaeHnwnlDqw/hq720.jpg?sqp=-oaymwEcCOgCEMoBSFXyq4qpAw4IARUAAIhCGAFwAcABBg==&rs=AOn4CLB_N1W7jRszhcu12yxXOnDmQWzvnQ,360,202,https://i.ytimg.com/vi/OaeHnwnlDqw/hq720.jpg?sqp=-oaymwEcCNAFEJQDSFXyq4qpAw4IARUAAIhCGAFwAcABBg==&rs=AOn4CLBwUQ1tsiNOMtVZEpfPjbHAlXKpzA,720.0,404.0,https://i.ytimg.com/an_webp/OaeHnwnlDqw/mqdefault_6s.webp?du=3000&sqp=CMS3-4QG&rs=AOn4CLCIYhxOPUqLMqcDyhmznbvEoaZhAg,320.0,180.0,,Nat Geo WILD,UCDPk9MG2RexnOMGTD-YnSnA,https://yt3.ggpht.com/ytc/AAUvwnhra8IUP_14E9SvO_Ol0_GtsgfxlyyzV2beB_cjNQ=s68-c-k-c0x00ffffff-no-rj,68.0,68.0,https://www.youtube.com/channel/UCDPk9MG2RexnOMGTD-YnSnA,"Feeding a Reticulated Python | Secrets of the Zoo: Down Under by Nat Geo WILD 4 weeks ago 4 minutes, 10 seconds 433,117 views","4 minutes, 10 seconds",https://www.youtube.com/watch?v=OaeHnwnlDqw,,,,,,,,,
video,tK_j7bKhCXM,Khordha Forest Dept Makes Arrangements To Protect Python & Her Eggs In Forest | Odisha,2 days ago,3:37,"6,195 views",6.1K views,https://i.ytimg.com/vi/tK_j7bKhCXM/hq720.jpg?sqp=-oaymwEcCOgCEMoBSFXyq4qpAw4IARUAAIhCGAFwAcABBg==&rs=AOn4CLD-jKXXfjW9NoWCwEIVu508Y0UkcQ,360,202,https://i.ytimg.com/vi/tK_j7bKhCXM/hq720.jpg?sqp=-oaymwEcCNAFEJQDSFXyq4qpAw4IARUAAIhCGAFwAcABBg==&rs=AOn4CLCD2hot2UBrlUUMiaiV0E8gBRf5Jg,720.0,404.0,https://i.ytimg.com/an_webp/tK_j7bKhCXM/mqdefault_6s.webp?du=3000&sqp=CIvD-4QG&rs=AOn4CLCovpLGqcumCNWbQ29v9mVOH8pKEA,320.0,180.0,,OTV,UCCgLMMp4lv7fSD2sBz1Ai6Q,https://yt3.ggpht.com/ytc/AAUvwngTgFZ2Tp71J0mcvE_2mlS8wSrWm2d0zm7JGupBFg=s68-c-k-c0x00ffffff-no-rj,68.0,68.0,https://www.youtube.com/channel/UCCgLMMp4lv7fSD2sBz1Ai6Q,"Khordha Forest Dept Makes Arrangements To Protect Python & Her Eggs In Forest | Odisha by OTV 2 days ago 3 minutes, 37 seconds 6,195 views","3 minutes, 37 seconds",https://www.youtube.com/watch?v=tK_j7bKhCXM,,,,,,,,,
video,SpTAxH_Geow,#25 Python Tutorial for Beginners | Prime Number in Python,2 years ago,4:11,"391,013 views",391K views,https://i.ytimg.com/vi/SpTAxH_Geow/hq720.jpg?sqp=-oaymwEcCOgCEMoBSFXyq4qpAw4IARUAAIhCGAFwAcABBg==&rs=AOn4CLAiHY5mAmsyYM5xk1q8tME4mcKz-g,360,202,https://i.ytimg.com/vi/SpTAxH_Geow/hq720.jpg?sqp=-oaymwEcCNAFEJQDSFXyq4qpAw4IARUAAIhCGAFwAcABBg==&rs=AOn4CLBk1VOdUmQcTTDqioQAYoSTpVS1HQ,720.0,404.0,https://i.ytimg.com/an_webp/SpTAxH_Geow/mqdefault_6s.webp?du=3000&sqp=CJiq-4QG&rs=AOn4CLBjGkOEwTZPTrxeiDmkatNN3kqV6w,320.0,180.0,,Telusko,UC59K-uG2A5ogwIrHw4bmlEg,https://yt3.ggpht.com/ytc/AAUvwnge5NyVX7anyIFrIaWVfxpyOfJifDHzMAU5GMmA=s68-c-k-c0x00ffffff-no-rj,68.0,68.0,https://www.youtube.com/channel/UC59K-uG2A5ogwIrHw4bmlEg,"#25 Python Tutorial for Beginners | Prime Number in Python by Telusko 2 years ago 4 minutes, 11 seconds 391,013 views","4 minutes, 11 seconds",https://www.youtube.com/watch?v=SpTAxH_Geow,,,,,,,,,
video,Igi0BtCtmiw,Python-5 vs Asraam vs PL-10E vs Vymple R73 Close combat Misiles.,1 day ago,8:18,"6,172 views",6.1K views,https://i.ytimg.com/vi/Igi0BtCtmiw/hq720.jpg?sqp=-oaymwEcCOgCEMoBSFXyq4qpAw4IARUAAIhCGAFwAcABBg==&rs=AOn4CLCv1BBylCboLYpOPH7Xih5VdpSMcQ,360,202,https://i.ytimg.com/vi/Igi0BtCtmiw/hq720.jpg?sqp=-oaymwEcCNAFEJQDSFXyq4qpAw4IARUAAIhCGAFwAcABBg==&rs=AOn4CLB9fpQMrVjkH2J9nPFWxDzqDsLq-w,720.0,404.0,,,,,DEFENCE LOVERS INDIA,UCUQEcRt1OMR3xE7fL34FqQQ,https://yt3.ggpht.com/ytc/AAUvwniEdPbk07WmcDmqufz4SuWXCntDH9L1zzPHX77QYQ=s68-c-k-c0x00ffffff-no-rj,68.0,68.0,https://www.youtube.com/channel/UCUQEcRt1OMR3xE7fL34FqQQ,"Python-5 vs Asraam vs PL-10E vs Vymple R73 Close combat Misiles. by DEFENCE LOVERS INDIA 1 day ago 8 minutes, 18 seconds 6,172 views","8 minutes, 18 seconds",https://www.youtube.com/watch?v=Igi0BtCtmiw,,,,,,,,,
video,pgpffbsIQ34,She Slept With Her Python Every Night Until Her Vet Uncovered the Deadly Truth,1 month ago,9:58,"283,054 views",283K views,https://i.ytimg.com/vi/pgpffbsIQ34/hq720.jpg?sqp=-oaymwEcCOgCEMoBSFXyq4qpAw4IARUAAIhCGAFwAcABBg==&rs=AOn4CLCE0iYJrpXhYTaje3x1B1Hjex3e0A,360,202,https://i.ytimg.com/vi/pgpffbsIQ34/hq720.jpg?sqp=-oaymwEcCNAFEJQDSFXyq4qpAw4IARUAAIhCGAFwAcABBg==&rs=AOn4CLC8W1jbmqgoH0QE0OMLU6F1KRZOsg,720.0,404.0,https://i.ytimg.com/an_webp/pgpffbsIQ34/mqdefault_6s.webp?du=3000&sqp=COLM-4QG&rs=AOn4CLAbplJCK0L9XJxK1asAVhk5zaXi4w,320.0,180.0,,#Mind Warehouse,UCYenDLnIHsoqQ6smwKXQ7Hg,https://yt3.ggpht.com/ytc/AAUvwng2r9VguYVJhfrH-ZYmSRlUwNzvX4IdGpdstWBr=s68-c-k-c0x00ffffff-no-rj,68.0,68.0,https://www.youtube.com/channel/UCYenDLnIHsoqQ6smwKXQ7Hg,"She Slept With Her Python Every Night Until Her Vet Uncovered the Deadly Truth by #Mind Warehouse 1 month ago 9 minutes, 58 seconds 283,054 views","9 minutes, 58 seconds",https://www.youtube.com/watch?v=pgpffbsIQ34,,,,,,,,,
video,7dt26AERBbI,Indian rock python. ‡§∏‡§æ‡§•‡§ø‡§Ø‡•ã‡§Ç ‡§ï‡•ã‡§à ‡§∏‡•ã‡§ö ‡§≠‡•Ä ‡§®‡§π‡•Ä‡§Ç ‡§∏‡§ï‡§§‡§æ ‡§ï‡§ø ‡§Ö‡§ú‡§ó‡§∞ ‡§á‡§∏‡§ï‡•ã ‡§≠‡•Ä ‡§®‡§ø‡§Ç‡§ó‡§≤ ‡§∏‡§ï‡§§‡§æ ‡§π‡•à‡•§ see the full video.,7 months ago,6:12,"7,124,121 views",7.1M views,https://i.ytimg.com/vi/7dt26AERBbI/hq720.jpg?sqp=-oaymwEcCOgCEMoBSFXyq4qpAw4IARUAAIhCGAFwAcABBg==&rs=AOn4CLA4fvFIsNdNrMu_NgZLRtDfQmp6Qw,360,202,https://i.ytimg.com/vi/7dt26AERBbI/hq720.jpg?sqp=-oaymwEcCNAFEJQDSFXyq4qpAw4IARUAAIhCGAFwAcABBg==&rs=AOn4CLCW4m_ZDk69Uh37tKDTbXjwYu6f9A,720.0,404.0,https://i.ytimg.com/an_webp/7dt26AERBbI/mqdefault_6s.webp?du=3000&sqp=CJ6s-4QG&rs=AOn4CLBD7sdnprmoxuotX2fbmVEtHLEFjw,320.0,180.0,,Razak Shah Snake Rescuer,UCohP4e0vqKZBImaOMPjMoIg,https://yt3.ggpht.com/ytc/AAUvwnibDGEFDDGCmc5kJzGcn1cgaPqsFGIlvVZ1E7Amiw=s68-c-k-c0x00ffffff-no-rj,68.0,68.0,https://www.youtube.com/channel/UCohP4e0vqKZBImaOMPjMoIg,"Indian rock python. ‡§∏‡§æ‡§•‡§ø‡§Ø‡•ã‡§Ç ‡§ï‡•ã‡§à ‡§∏‡•ã‡§ö ‡§≠‡•Ä ‡§®‡§π‡•Ä‡§Ç ‡§∏‡§ï‡§§‡§æ ‡§ï‡§ø ‡§Ö‡§ú‡§ó‡§∞ ‡§á‡§∏‡§ï‡•ã ‡§≠‡•Ä ‡§®‡§ø‡§Ç‡§ó‡§≤ ‡§∏‡§ï‡§§‡§æ ‡§π‡•à‡•§ see the full video. by Razak Shah Snake Rescuer 7 months ago 6 minutes, 12 seconds 7,124,121 views","6 minutes, 12 seconds",https://www.youtube.com/watch?v=7dt26AERBbI,,,,,,,,,
video,LHBE6Q9XlzI,"Python for Data Science - Course for Beginners (Learn Python, Pandas, NumPy, Matplotlib)",11 months ago,12:19:52,"828,860 views",828K views,https://i.ytimg.com/vi/LHBE6Q9XlzI/hq720.jpg?sqp=-oaymwEcCOgCEMoBSFXyq4qpAw4IARUAAIhCGAFwAcABBg==&rs=AOn4CLBgvIPnpKUikLi4X9tEFc200Cu3Ag,360,202,https://i.ytimg.com/vi/LHBE6Q9XlzI/hq720.jpg?sqp=-oaymwEcCNAFEJQDSFXyq4qpAw4IARUAAIhCGAFwAcABBg==&rs=AOn4CLA34SrMs9yxby6l6JWlHRQnwyzj8w,720.0,404.0,,,,,freeCodeCamp.org,UC8butISFwT-Wl7EV0hUK0BQ,https://yt3.ggpht.com/ytc/AAUvwnifaQZvAunS0OFb2y_cieoVjLCVjqQW8Exf3BC1gg=s68-c-k-c0x00ffffff-no-rj,68.0,68.0,https://www.youtube.com/channel/UC8butISFwT-Wl7EV0hUK0BQ,"Python for Data Science - Course for Beginners (Learn Python, Pandas, NumPy, Matplotlib) by freeCodeCamp.org 11 months ago 12 hours 828,860 views","12 hours, 19 minutes, 52 seconds",https://www.youtube.com/watch?v=LHBE6Q9XlzI,,,,,,,,,
video,T936yTchDck,Python Tutorial | Python Course | Intellipaat,10 months ago,10:25:16,"1,293,372 views",1.2M views,https://i.ytimg.com/vi/T936yTchDck/hq720.jpg?sqp=-oaymwEcCOgCEMoBSFXyq4qpAw4IARUAAIhCGAFwAcABBg==&rs=AOn4CLBOQgjzk32LN8FudiMOgEE8MxzYRQ,360,202,https://i.ytimg.com/vi/T936yTchDck/hq720.jpg?sqp=-oaymwEcCNAFEJQDSFXyq4qpAw4IARUAAIhCGAFwAcABBg==&rs=AOn4CLCCe3zaNkcFHJt4wbg9jVaUpYWplg,720.0,404.0,https://i.ytimg.com/an_webp/T936yTchDck/mqdefault_6s.webp?du=3000&sqp=CMfM-4QG&rs=AOn4CLDIL_SOcXmLf0C0tj5hNIfjz4g5Rg,320.0,180.0,,Intellipaat,UCCktnahuRFYIBtNnKT5IYyg,https://yt3.ggpht.com/ytc/AAUvwng9-kgeI3jj_GsfbEkgNshnCKm5dXuIifmawoetYI0=s68-c-k-c0x00ffffff-no-rj,68.0,68.0,https://www.youtube.com/channel/UCCktnahuRFYIBtNnKT5IYyg,"Python Tutorial | Python Course | Intellipaat by Intellipaat 10 months ago 10 hours, 25 minutes 1,293,372 views","10 hours, 25 minutes, 16 seconds",https://www.youtube.com/watch?v=T936yTchDck,,,,,,,,,
video,Lp9Ftuq2sVI,Project 1: Iron Man Jarvis AI Desktop Voice Assistant | Python Tutorials For Absolute Beginners #120,2 years ago,58:48,"1,698,613 views",1.6M views,https://i.ytimg.com/vi/Lp9Ftuq2sVI/hq720.jpg?sqp=-oaymwEcCOgCEMoBSFXyq4qpAw4IARUAAIhCGAFwAcABBg==&rs=AOn4CLCKrH1LC2uuM8egf3vSeD_dxx3IzA,360,202,https://i.ytimg.com/vi/Lp9Ftuq2sVI/hq720.jpg?sqp=-oaymwEcCNAFEJQDSFXyq4qpAw4IARUAAIhCGAFwAcABBg==&rs=AOn4CLCf1KaeHJ5FnImQcGAlbUcA1koE7A,720.0,404.0,https://i.ytimg.com/an_webp/Lp9Ftuq2sVI/mqdefault_6s.webp?du=3000&sqp=CObU-4QG&rs=AOn4CLDeIIXk38RbMKebu0ufAW9EqXS_NA,320.0,180.0,,CodeWithHarry,UCeVMnSShP_Iviwkknt83cww,https://yt3.ggpht.com/ytc/AAUvwnjeHnMHZ7T341QLHqPhQPfsG6ugvg_SV6z6FkYqGw=s68-c-k-c0x00ffffff-no-rj,68.0,68.0,https://www.youtube.com/channel/UCeVMnSShP_Iviwkknt83cww,"Project 1: Iron Man Jarvis AI Desktop Voice Assistant | Python Tutorials For Absolute Beginners #120 by CodeWithHarry 2 years ago 58 minutes 1,698,613 views","58 minutes, 48 seconds",https://www.youtube.com/watch?v=Lp9Ftuq2sVI,,,,,,,,,
video,ZhnJ1bkIWWk,Bitcoin mining with 15 lines of python code | Python Bitcoin Tutorial,4 months ago,25:00,"704,920 views",704K views,https://i.ytimg.com/vi/ZhnJ1bkIWWk/hq720.jpg?sqp=-oaymwEcCOgCEMoBSFXyq4qpAw4IARUAAIhCGAFwAcABBg==&rs=AOn4CLASQesJGwEMYoIyD5Nvw8hOZRvgfw,360,202,https://i.ytimg.com/vi/ZhnJ1bkIWWk/hq720.jpg?sqp=-oaymwEcCNAFEJQDSFXyq4qpAw4IARUAAIhCGAFwAcABBg==&rs=AOn4CLB2Tn2Z1Tp-BozYbv98-qXL53CvDw,720.0,404.0,https://i.ytimg.com/an_webp/ZhnJ1bkIWWk/mqdefault_6s.webp?du=3000&sqp=COfX-4QG&rs=AOn4CLCw3Cr-8ShCTevn4dJ0GN__6NFHHA,320.0,180.0,,codebasics,UCh9nVJoWXmFb7sLApWGcLPQ,https://yt3.ggpht.com/ytc/AAUvwnihwx4a5idwBTE5JFpXHb-ykyh-i1gXtFiGJYV1=s68-c-k-c0x00ffffff-no-rj,68.0,68.0,https://www.youtube.com/channel/UCh9nVJoWXmFb7sLApWGcLPQ,"Bitcoin mining with 15 lines of python code | Python Bitcoin Tutorial by codebasics 4 months ago 25 minutes 704,920 views",25 minutes,https://www.youtube.com/watch?v=ZhnJ1bkIWWk,,,,,,,,,
video,u2O9bPyHNOE,"Don't Type Email, Create Your Own Email Bot | Python Project | Email Automation Bot | Learn Python",4 months ago,30:18,"200,818 views",200K views,https://i.ytimg.com/vi/u2O9bPyHNOE/hq720.jpg?sqp=-oaymwEcCOgCEMoBSFXyq4qpAw4IARUAAIhCGAFwAcABBg==&rs=AOn4CLDbDI_xhMfCssKoRYsUgXmvGZDrqA,360,202,https://i.ytimg.com/vi/u2O9bPyHNOE/hq720.jpg?sqp=-oaymwEcCNAFEJQDSFXyq4qpAw4IARUAAIhCGAFwAcABBg==&rs=AOn4CLCcHKAvCEVpvJSFIUf_fQBjrIecZw,720.0,404.0,https://i.ytimg.com/an_webp/u2O9bPyHNOE/mqdefault_6s.webp?du=3000&sqp=CIPN-4QG&rs=AOn4CLAP3jGS-0U6_JxGZss-hU4zXk1mGg,320.0,180.0,,Programming Hero,UCStj-ORBZ7TGK1FwtGAUgbQ,https://yt3.ggpht.com/ytc/AAUvwnixvIQZRJsC-980VBOJCV2PoJl1KB5rV2zDr4zm=s68-c-k-c0x00ffffff-no-rj,68.0,68.0,https://www.youtube.com/channel/UCStj-ORBZ7TGK1FwtGAUgbQ,"Don't Type Email, Create Your Own Email Bot | Python Project | Email Automation Bot | Learn Python by Programming Hero 4 months ago 30 minutes 200,818 views","30 minutes, 18 seconds",https://www.youtube.com/watch?v=u2O9bPyHNOE,,,,,,,,,
video,80LWWgeuq5Q,Python for Machine Learning | Machine Learning for Beginners in 2021 | Great Learning,Streamed 4 days ago,1:04:21,"5,042 views",5K views,https://i.ytimg.com/vi/80LWWgeuq5Q/hq720.jpg?sqp=-oaymwEcCOgCEMoBSFXyq4qpAw4IARUAAIhCGAFwAcABBg==&rs=AOn4CLDYZJLJb93y30AfgUDtwxfvDCTyTg,360,202,https://i.ytimg.com/vi/80LWWgeuq5Q/hq720.jpg?sqp=-oaymwEcCNAFEJQDSFXyq4qpAw4IARUAAIhCGAFwAcABBg==&rs=AOn4CLCSNc2H3xPUTVtGpFK2gMCHPptoiQ,720.0,404.0,https://i.ytimg.com/an_webp/80LWWgeuq5Q/mqdefault_6s.webp?du=3000&sqp=CJzS-4QG&rs=AOn4CLBRgutb9I13meT6p6lpY1PXhhJEjg,320.0,180.0,,Great Learning,UCObs0kLIrDjX2LLSybqNaEA,https://yt3.ggpht.com/ytc/AAUvwnjdqghwtSP85aU3ISD3vFG7HupMhlnSVSvgeoGZRA=s68-c-k-c0x00ffffff-no-rj,68.0,68.0,https://www.youtube.com/channel/UCObs0kLIrDjX2LLSybqNaEA,"Python for Machine Learning | Machine Learning for Beginners in 2021 | Great Learning by Great Learning Streamed 4 days ago 1 hour, 4 minutes 5,042 views","1 hour, 4 minutes, 21 seconds",https://www.youtube.com/watch?v=80LWWgeuq5Q,,,,,,,,,
video,C-gEQdGVXbk,10 Python Tips and Tricks For Writing Better Code,2 years ago,39:21,"931,016 views",931K views,https://i.ytimg.com/vi/C-gEQdGVXbk/hq720.jpg?sqp=-oaymwEcCOgCEMoBSFXyq4qpAw4IARUAAIhCGAFwAcABBg==&rs=AOn4CLA9QuEqIW3S_-61Nq3h5dOQO3ullw,360,202,https://i.ytimg.com/vi/C-gEQdGVXbk/hq720.jpg?sqp=-oaymwEcCNAFEJQDSFXyq4qpAw4IARUAAIhCGAFwAcABBg==&rs=AOn4CLBPxhAW3OGVo0hJspF9k0F_rgy54w,720.0,404.0,,,,,Corey Schafer,UCCezIgC97PvUuR4_gbFUs5g,https://yt3.ggpht.com/ytc/AAUvwngomgNvn2XgfFWEVlxCl_tUVEOhmUTUTlesdnuD=s68-c-k-c0x00ffffff-no-rj,68.0,68.0,https://www.youtube.com/channel/UCCezIgC97PvUuR4_gbFUs5g,"10 Python Tips and Tricks For Writing Better Code by Corey Schafer 2 years ago 39 minutes 931,016 views","39 minutes, 21 seconds",https://www.youtube.com/watch?v=C-gEQdGVXbk,,,,,,,,,
playlist,PL-osiE80TeTt2d9bfVyTiXJA-UTHn6WwU,Python Tutorials,,,,,https://i.ytimg.com/vi/YYXdXT2l-Gg/hqdefault.jpg?sqp=-oaymwEWCKgBEF5IWvKriqkDCQgBFQAAiEIYAQ==&rs=AOn4CLAWS4mcgeSd6VIkVKpDjCjklBw7wQ,168,94,https://i.ytimg.com/vi/YYXdXT2l-Gg/hqdefault.jpg?sqp=-oaymwEWCMQBEG5IWvKriqkDCQgBFQAAiEIYAQ==&rs=AOn4CLA8D_p2qNQoaS8nH2SC-RYUN-r8fg,196.0,110.0,,,,,Corey Schafer,UCCezIgC97PvUuR4_gbFUs5g,,,,https://www.youtube.com/channel/UCCezIgC97PvUuR4_gbFUs5g,,,https://www.youtube.com/playlist?list=PL-osiE80TeTt2d9bfVyTiXJA-UTHn6WwU,,143,https://i.ytimg.com/vi/YYXdXT2l-Gg/hqdefault.jpg?sqp=-oaymwEXCPYBEIoBSFryq4qpAwkIARUAAIhCGAE=&rs=AOn4CLCI7t3tNj5XlxlWlpM52-p8BDmk5Q,246.0,138.0,https://i.ytimg.com/vi/YYXdXT2l-Gg/hqdefault.jpg?sqp=-oaymwEXCNACELwBSFryq4qpAwkIARUAAIhCGAE=&rs=AOn4CLAcdyQjBdvbNvtGQFZi1Vo_G4RZYQ,336.0,188.0,
video,hSPmj7mK6ng,Introduction to Dash Plotly - Data Visualization in Python,1 year ago,29:21,"277,770 views",277K views,https://i.ytimg.com/vi/hSPmj7mK6ng/hq720.jpg?sqp=-oaymwEcCOgCEMoBSFXyq4qpAw4IARUAAIhCGAFwAcABBg==&rs=AOn4CLCKAjOybXaVQW9ZtW4Ck66eUyD9xg,360,202,https://i.ytimg.com/vi/hSPmj7mK6ng/hq720.jpg?sqp=-oaymwEcCNAFEJQDSFXyq4qpAw4IARUAAIhCGAFwAcABBg==&rs=AOn4CLAybYNkb_YoKMTaPKYc9MNqlgv6DA,720.0,404.0,https://i.ytimg.com/an_webp/hSPmj7mK6ng/mqdefault_6s.webp?du=3000&sqp=CPjH-4QG&rs=AOn4CLAquzcchjhk_l8S0cr2Sf-Lz54Agg,320.0,180.0,,Charming Data,UCqBFsuAz41sqWcFjZkqmJqQ,https://yt3.ggpht.com/ytc/AAUvwngUsIWBWqgVf8BgKmi69gLe--WM2hb1J55A1zL7=s68-c-k-c0x00ffffff-no-rj,68.0,68.0,https://www.youtube.com/channel/UCqBFsuAz41sqWcFjZkqmJqQ,"Introduction to Dash Plotly - Data Visualization in Python by Charming Data 1 year ago 29 minutes 277,770 views","29 minutes, 21 seconds",https://www.youtube.com/watch?v=hSPmj7mK6ng,,,,,,,,,
video,2ejbLVkCndI,Dependency INVERSION vs dependency INJECTION in Python,9 hours ago,17:51,430 views,430 views,https://i.ytimg.com/vi/2ejbLVkCndI/hq720.jpg?sqp=-oaymwEcCOgCEMoBSFXyq4qpAw4IARUAAIhCGAFwAcABBg==&rs=AOn4CLBir54Z_KH1oiJmyxjtcldxcyg3hA,360,202,https://i.ytimg.com/vi/2ejbLVkCndI/hq720.jpg?sqp=-oaymwEcCNAFEJQDSFXyq4qpAw4IARUAAIhCGAFwAcABBg==&rs=AOn4CLA-_VSO9dStV8tnU9OnOS1gikkOtg,720.0,404.0,https://i.ytimg.com/an_webp/2ejbLVkCndI/mqdefault_6s.webp?du=3000&sqp=CJyg-4QG&rs=AOn4CLB0O4mG99hgeDRKYh0Ok-K9JulSVg,320.0,180.0,,ArjanCodes,UCVhQ2NnY5Rskt6UjCUkJ_DA,https://yt3.ggpht.com/ytc/AAUvwnhS4ORJAaTQUh1B8XLws0sMBBXCJQQRkIzUdHDKNQ=s68-c-k-c0x00ffffff-no-rj,68.0,68.0,https://www.youtube.com/channel/UCVhQ2NnY5Rskt6UjCUkJ_DA,Dependency INVERSION vs dependency INJECTION in Python by ArjanCodes 9 hours ago 17 minutes 430 views,"17 minutes, 51 seconds",https://www.youtube.com/watch?v=2ejbLVkCndI,,,,,,,,,
video,Bg9r_yLk7VY,Build A Python App That Tracks Amazon Prices!,1 year ago,18:44,"931,872 views",931K views,https://i.ytimg.com/vi/Bg9r_yLk7VY/hq720.jpg?sqp=-oaymwEcCOgCEMoBSFXyq4qpAw4IARUAAIhCGAFwAcABBg==&rs=AOn4CLBCVUjCK-PMw0KE9p8rN_QemFzQ6A,360,202,https://i.ytimg.com/vi/Bg9r_yLk7VY/hq720.jpg?sqp=-oaymwEcCNAFEJQDSFXyq4qpAw4IARUAAIhCGAFwAcABBg==&rs=AOn4CLBr4OpE1it0jTP6kN1hrBXw4RY3rQ,720.0,404.0,https://i.ytimg.com/an_webp/Bg9r_yLk7VY/mqdefault_6s.webp?du=3000&sqp=CKiw-4QG&rs=AOn4CLA1Yq7KvB0Q7qeAf2tdeVoy557NJQ,320.0,180.0,,Dev Ed,UClb90NQQcskPUGDIXsQEz5Q,https://yt3.ggpht.com/ytc/AAUvwnhYs6E9SqtWTikVdaGFwXzNmXPTR6ko2gNkZi-fEw=s68-c-k-c0x00ffffff-no-rj,68.0,68.0,https://www.youtube.com/channel/UClb90NQQcskPUGDIXsQEz5Q,"Build A Python App That Tracks Amazon Prices! by Dev Ed 1 year ago 18 minutes 931,872 views","18 minutes, 44 seconds",https://www.youtube.com/watch?v=Bg9r_yLk7VY,,,,,,,,,
